SiO2,TiO2,Al2O3,MnO,MgO ,CaO,Na2O,K2O,P2O5,Name,Basalt,Gabbro,Granite
47.77,1.33,15.38,0.17,10.76,11.28,2.69,0.62,0.41,Basalt,1,0,0
47.94,1.28,15.22,0.18,10.87,11.39,2.17,0.96,0.38,Basalt,1,0,0
51.5,1.12,16.04,0.15,9.49,9.8,2.64,0.33,0.16,Basalt,1,0,0
45.66,1.6,14.87,0.17,9.81,13.09,3.09,0.96,0.84,Basalt,1,0,0
48.24,1.34,15.91,0.17,10.06,10.78,2.51,0.56,0.26,Basalt,1,0,0
45.42,1.57,14.97,0.19,9.94,13.01,3.3,0.76,0.7,Basalt,1,0,0
48.32,1.4,15.83,0.19,9.98,10.59,2.48,0.49,0.26,Basalt,1,0,0
50.59,1.55,16.53,0.16,8.14,9.64,2.94,0.43,0.26,Basalt,1,0,0
50.38,1.51,16.08,0.16,7.9,10.18,2.94,0.87,0.37,Basalt,1,0,0
50.61,1.43,16.8,0.18,7.76,10.51,2.66,0.38,0.21,Basalt,1,0,0
51.7,1.28,16.96,0.15,7.54,9.98,2.88,0.46,0.22,Basalt,1,0,0
50.5,1.53,16.53,0.15,8.29,9.57,2.95,0.44,0.25,Basalt,1,0,0
50.3,1.5,16.73,0.16,7.76,10.27,2.75,0.41,0.24,Basalt,1,0,0
50.92,1.52,16.6,0.15,8.1,9.32,3.01,0.47,0.26,Basalt,1,0,0
48.01,1.53,16.45,0.19,8.68,10.97,2.49,0.51,0.27,Basalt,1,0,0
51.82,1.48,17.04,0.14,7.11,9.08,3.35,0.61,0.3,Basalt,1,0,0
47.18,0.97,13.79,0.15,14.91,10.93,1.79,1.03,0.39,Basalt,1,0,0
47.94,1.15,15.33,0.17,11.11,11.52,2.06,1.19,0.61,Basalt,1,0,0
49.09,1.33,14.16,0.14,10.75,11.37,2.05,1.78,0.67,Basalt,1,0,0
49.18,1.35,14.36,0.15,10.75,10.95,2.11,1.7,0.65,Basalt,1,0,0
48.48,1.26,15.27,0.17,10.93,11.24,2.27,0.75,0.45,Basalt,1,0,0
49.5,1.29,15.82,0.16,10.04,10.61,2.46,0.47,0.29,Basalt,1,0,0
48.92,1.31,15.41,0.16,10.23,11.2,2.33,0.69,0.41,Basalt,1,0,0
51.03,1.26,15.6,0.15,8.77,10.43,2.61,0.66,0.27,Basalt,1,0,0
50.51,1.49,16.32,0.15,8.42,9.91,2.72,0.41,0.4,Basalt,1,0,0
51.72,1.33,16.87,0.15,7.23,9.71,3.04,0.55,0.35,Basalt,1,0,0
50.69,0.87,14.77,0.15,11.49,10.67,2.08,0.26,0.18,Basalt,1,0,0
50.74,0.94,15.11,0.15,10.82,10.41,2.37,0.44,0.19,Basalt,1,0,0
48.2,1.27,15.38,0.18,10.94,11.04,2.2,0.95,0.37,Basalt,1,0,0
48.6,1.22,16.23,0.15,9.61,12.33,2.22,0.89,0.3,Basalt,1,0,0
50.58,1.19,16.38,0.15,9.69,9.61,2.58,0.48,0.2,Basalt,1,0,0
49.15,1.62,15.49,0.16,9.14,10.67,2.69,0.89,0.39,Basalt,1,0,0
51.39,1.28,16.65,0.15,8.05,9.92,2.88,0.55,0.23,Basalt,1,0,0
50.82,1.59,15.95,0.17,7.53,10.29,2.91,1.03,0.45,Basalt,1,0,0
50.72,1.2,16.91,0.14,7.98,10.52,2.29,1.2,0.22,Basalt,1,0,0
47.89,1.32,11.95,0.18,15.24,10,1.9,1.26,0.44,Basalt,1,0,0
49.02,1.67,13.79,0.15,10.62,10.11,2.47,2.62,0.74,Basalt,1,0,0
49.2,1.26,15.92,0.17,10.25,10.78,2.38,0.61,0.25,Basalt,1,0,0
48.9,1.28,16.13,0.15,9.44,11.61,2.31,0.78,0.28,Basalt,1,0,0
50.76,1.47,16.61,0.17,8.11,9.5,2.8,0.88,0.43,Basalt,1,0,0
48.96,2.45,13.75,0.18,10.08,9.75,2.36,0.68,0.24,Basalt,1,0,0
50.33,2.07,16.54,0.16,5.74,10.72,2.92,0.76,0.38,Basalt,1,0,0
51.25,1.41,16.34,0.15,8.51,9.38,2.78,0.53,0.28,Basalt,1,0,0
48.04,1.8,15.76,0.17,9.62,10.45,2.63,0.98,0.47,Basalt,1,0,0
51.65,1.75,15.5,0.19,5.71,10.36,3.31,0.49,0.24,Basalt,1,0,0
51.72,1.79,15.47,0.21,5.64,10.18,3.32,0.49,0.25,Basalt,1,0,0
51.91,1.34,17.36,0.17,6.64,9.74,3.16,0.88,0.28,Basalt,1,0,0
50.9,1.11,21.65,0.15,3.6,11.35,2.78,0.33,0.11,Basalt,1,0,0
51.53,1.1,21.92,0.15,3.27,11.2,3.01,0.38,0.15,Basalt,1,0,0
51.32,1.06,22.5,0.14,3.15,11.48,2.84,0.36,0.14,Basalt,1,0,0
51.43,1.52,17.29,0.2,4.93,10.1,3.03,0.43,0.13,Basalt,1,0,0
51.85,1.29,18.91,0.15,4.95,10.52,2.94,0.43,0.16,Basalt,1,0,0
50.67,0.88,21.02,0.14,4.7,11.93,2.37,0.41,0.11,Basalt,1,0,0
50.39,1.33,17.44,0.21,6.66,10.55,2.64,0.24,0.17,Basalt,1,0,0
51.25,1.44,17.98,0.19,4.32,10.28,2.95,0.29,0.14,Basalt,1,0,0
51.88,1.81,14.9,0.24,5.01,9.63,3.08,0.43,0.16,Basalt,1,0,0
50.17,1.84,16.4,0.21,5.57,10.28,2.94,0.46,0.27,Basalt,1,0,0
51.4,1.29,20.35,0.17,3.62,10.47,3.04,0.35,0.13,Basalt,1,0,0
51.96,1.55,19.04,0.17,3.95,10.1,3.16,0.53,0.2,Basalt,1,0,0
51.56,1.57,16.91,0.2,4.82,9.9,3.06,0.4,0.14,Basalt,1,0,0
51.24,1.95,16.32,0.23,5.04,9.35,3.1,0.37,0.2,Basalt,1,0,0
51.33,1.1,20.53,0.15,4.71,11.24,2.88,0.28,0.12,Basalt,1,0,0
50.79,1.1,21.79,0.15,3.45,11.45,2.83,0.37,0.11,Basalt,1,0,0
50.82,1.25,20.15,0.17,3.82,10.98,2.86,0.38,0.13,Basalt,1,0,0
50.98,1.28,19.95,0.17,3.71,10.95,2.86,0.41,0.13,Basalt,1,0,0
50.65,1.14,21.09,0.16,3.75,11.39,2.72,0.35,0.11,Basalt,1,0,0
50.79,1.19,20.58,0.17,3.83,11.19,2.83,0.36,0.11,Basalt,1,0,0
50.88,1.11,21.12,0.16,4.08,11.54,2.71,0.23,0.1,Basalt,1,0,0
50.91,1.35,19.67,0.17,4.33,10.95,2.82,0.44,0.12,Basalt,1,0,0
51.04,1.2,20.57,0.17,3.88,11.17,2.81,0.37,0.11,Basalt,1,0,0
51.29,1.08,20.01,0.16,4.53,11.33,2.67,0.4,0.1,Basalt,1,0,0
51.84,1.99,15.58,0.24,4.81,9.36,3.21,0.33,0.18,Basalt,1,0,0
51.64,1.95,15.69,0.21,4.84,9.08,3.31,0.48,0.19,Basalt,1,0,0
50.9,2.26,17.52,0.21,3.44,9.65,3.44,1.14,0.53,Basalt,1,0,0
51.9,1.64,16.1,0.18,5.51,10.36,3.29,0.44,0.24,Basalt,1,0,0
51.56,1.02,17.01,0.18,5.98,11.38,2.69,0.34,0.15,Basalt,1,0,0
51.93,1,16.84,0.14,6.17,11.33,2.6,0.29,0.14,Basalt,1,0,0
51.87,1.03,17.02,0.17,5.76,11.41,2.7,0.36,0.14,Basalt,1,0,0
51.76,1.03,16.37,0.17,6.39,11.49,2.77,0.37,0.15,Basalt,1,0,0
51.48,1.66,18.66,0.15,4.34,10.87,3,0.52,0.3,Basalt,1,0,0
51.49,1.4,17.21,0.14,6.58,10.65,3.07,0.48,0.29,Basalt,1,0,0
50.24,1.77,17.73,0.17,6.38,8.55,3.76,0.48,0.4,Basalt,1,0,0
51.1,1.56,17.67,0.15,6.06,10.98,2.79,0.3,0.29,Basalt,1,0,0
51.4,1.5,17.34,0.14,6.66,9.82,3.16,0.5,0.23,Basalt,1,0,0
51.3,1.09,19.05,0.1,4.61,12.29,2.66,0.31,0.13,Basalt,1,0,0
51.91,1.09,17.74,0.15,5.88,11.19,2.94,0.44,0.16,Basalt,1,0,0
51.37,0.98,16.81,0.16,5.95,11.72,2.9,0.37,0.13,Basalt,1,0,0
50.85,0.79,21.61,0.11,4.57,12.33,2.35,0.37,0.13,Basalt,1,0,0
51.07,0.85,20.9,0.13,4.62,12.23,2.52,0.44,0.15,Basalt,1,0,0
51.92,2.44,15.26,0.2,4.25,8.77,3.91,0.5,0.5,Basalt,1,0,0
51.66,1.7,18.28,0.15,4.51,10.48,3.21,0.44,0.32,Basalt,1,0,0
50.48,1.6,17.23,0.16,7.02,10.8,2.74,0.23,0.25,Basalt,1,0,0
50.75,1.77,16.95,0.16,6.57,10.41,2.86,0.44,0.25,Basalt,1,0,0
50.86,1.62,17.25,0.16,6.25,10.46,2.86,0.49,0.28,Basalt,1,0,0
51.95,1.88,17.49,0.18,4.25,9.42,3.63,0.67,0.31,Basalt,1,0,0
51.41,2.45,15.51,0.22,4.41,9.08,3.85,0.48,0.63,Basalt,1,0,0
52.93,2.03,15.63,0.17,4.65,8.71,3.79,0.77,0.37,Basalt,1,0,0
52.04,1.87,16.8,0.17,4.45,9.5,3.69,0.6,0.34,Basalt,1,0,0
52.46,2.6,15.34,0.21,4.05,8.44,4.1,0.55,0.76,Basalt,1,0,0
48.99,1.62,15.44,0.16,9.31,10.54,2.74,0.86,0.4,Basalt,1,0,0
51.11,1.09,17.88,0.15,7.26,10.01,2.42,0.42,0.16,Basalt,1,0,0
52.19,0.99,16.25,0.17,7.71,11.04,2.19,0.16,0.17,Basalt,1,0,0
51.86,1.24,18.56,0.15,4.74,9.49,3.51,0.25,0.28,Basalt,1,0,0
51.23,1.43,18.8,0.15,4.66,10.57,2.74,0.34,0.18,Basalt,1,0,0
51.86,1.02,17.46,0.18,6.84,10.62,2.76,0.41,0.16,Basalt,1,0,0
52.04,1.4,17.65,0.16,6.11,9.65,2.93,0.45,0.22,Basalt,1,0,0
50.07,1.03,20.4,0.14,5.46,11.75,2.47,0.28,0.16,Basalt,1,0,0
50.25,1.86,16.72,0.18,7.1,10.5,2.53,0.37,0.22,Basalt,1,0,0
51.98,2.26,16.35,0.23,4.64,8.66,2.88,0.21,0.33,Basalt,1,0,0
52.12,2.18,16.31,0.19,4.47,10.01,2.7,0.21,0.4,Basalt,1,0,0
51.88,1.27,16.95,0.15,7.17,9.22,2.83,0.52,0.2,Basalt,1,0,0
52.03,1.68,17.68,0.21,5.31,10.14,2.91,0.36,0.26,Basalt,1,0,0
52.14,2.27,15.98,0.2,4.48,9.05,2.96,0.39,0.35,Basalt,1,0,0
52.16,1.31,17.8,0.16,6.02,9.88,2.94,0.55,0.17,Basalt,1,0,0
51.52,1.24,19.26,0.16,4.56,10.99,2.84,0.29,0.14,Basalt,1,0,0
47.96,1.32,17.92,0.18,8.51,10.79,2.22,0.35,0.11,Basalt,1,0,0
51.02,1.37,19.54,0.15,3.7,10.35,3.49,0.72,0.34,Basalt,1,0,0
50.41,1.43,20.92,0.16,3.67,10.41,2.86,0.51,0.15,Basalt,1,0,0
52.02,1.18,18.48,0.15,5.44,10.84,2.76,0.18,0.15,Basalt,1,0,0
51.18,1,18.87,0.17,6.12,9.73,3.11,0.56,0.32,Basalt,1,0,0
52.07,1.18,18.93,0.15,5.27,10.5,2.79,0.22,0.2,Basalt,1,0,0
50.51,1.43,18.59,0.15,5.75,10.01,2.96,0.35,0.2,Basalt,1,0,0
51.47,1.22,16.92,0.15,7.47,9.8,2.85,0.49,0.16,Basalt,1,0,0
51.39,1.48,16.89,0.15,6.78,9.7,2.75,0.57,0.18,Basalt,1,0,0
51.82,1.43,19,0.15,4.71,9.4,3.37,0.56,0.21,Basalt,1,0,0
48.03,1.44,17.91,0.18,6.92,12.94,2.19,0.18,0.14,Basalt,1,0,0
48.41,1.31,18.6,0.15,6.81,12.88,2.13,0.12,0.14,Basalt,1,0,0
49.41,1.41,17.03,0.11,7.23,12.19,2.22,0.12,0.17,Basalt,1,0,0
49.02,2.03,16.58,0.21,6.03,10.01,2.87,0.42,0.23,Basalt,1,0,0
48.62,1.53,17.76,0.18,6.48,12.9,2.07,0.26,0.15,Basalt,1,0,0
48.46,1.35,19.65,0.15,5.46,13.17,2.09,0.37,0.14,Basalt,1,0,0
48.44,1.46,17.65,0.16,7.1,12.62,2.27,0.25,0.16,Basalt,1,0,0
49,1.89,15.12,0.22,7.09,12.33,2.37,0.23,0.19,Basalt,1,0,0
49.01,1.67,16.82,0.18,6.67,12.1,2.29,0.28,0.17,Basalt,1,0,0
49.63,2.18,14.55,0.27,6.37,11.35,2.83,0.32,0.26,Basalt,1,0,0
50.69,1.48,15.98,0.16,6.66,11.57,2.79,0.34,0.19,Basalt,1,0,0
50.74,1.66,15.75,0.2,6.22,10.95,3.18,0.38,0.25,Basalt,1,0,0
50.94,2.24,15.55,0.24,4.78,8.82,3.52,0.68,0.28,Basalt,1,0,0
51.44,1.58,16.19,0.15,5.29,10.76,3.11,0.38,0.22,Basalt,1,0,0
51.26,2.23,15.52,0.25,4.75,9.12,3.35,0.56,0.29,Basalt,1,0,0
51.9,0.76,17.09,0.13,8.22,11.12,2.3,0.48,0.13,Basalt,1,0,0
51.48,1.58,16.41,0.18,5.1,10.91,3,0.38,0.22,Basalt,1,0,0
51.07,1.42,19.88,0.16,3.59,10.8,2.79,0.41,0.14,Basalt,1,0,0
51.74,1.76,18.27,0.22,4.21,8.81,3.33,0.5,0.42,Basalt,1,0,0
52.05,1.39,16.06,0.19,5.83,9.87,3.55,0.64,0.19,Basalt,1,0,0
52.18,0.94,16.75,0.16,6.17,11.57,2.75,0.3,0.12,Basalt,1,0,0
48.03,1.16,20.05,0.14,6.48,13.68,1.91,0.13,0.13,Basalt,1,0,0
47.56,1.49,15.37,0.17,10.83,11.86,2.04,0.21,0.15,Basalt,1,0,0
47.27,1.34,15.55,0.16,11.77,11.77,1.94,0.1,0.15,Basalt,1,0,0
47.58,1.21,16.96,0.15,9.76,13.05,1.65,0.17,0.11,Basalt,1,0,0
47.76,1.21,17.95,0.14,9.11,12.58,1.88,0.18,0.13,Basalt,1,0,0
47.63,1.03,19.26,0.13,8.06,13.42,1.97,0.2,0.12,Basalt,1,0,0
49.5,1.76,15.72,0.18,6.58,12.35,2.62,0.35,0.19,Basalt,1,0,0
47.58,1.29,15.35,0.16,11.36,12.18,1.92,0.16,0.12,Basalt,1,0,0
47.73,1.28,15.33,0.16,11.14,12.26,1.91,0.2,0.12,Basalt,1,0,0
47.85,1.27,16.7,0.16,9.53,12.5,2.17,0.17,0.13,Basalt,1,0,0
47.73,1.28,15.33,0.16,11.14,12.26,1.91,0.2,0.12,Basalt,1,0,0
47.62,1.24,17.2,0.15,8.95,12.92,2.15,0.2,0.12,Basalt,1,0,0
47.65,1.28,17.11,0.16,9,12.73,2.07,0.23,0.13,Basalt,1,0,0
48.27,1.2,18.15,0.14,7.76,13.3,1.8,0.26,0.12,Basalt,1,0,0
47.69,1.04,19.77,0.13,7.7,13.25,1.81,0.15,0.1,Basalt,1,0,0
48.2,1.45,16.37,0.18,8.04,12.87,2.11,0.23,0.15,Basalt,1,0,0
47.72,1.26,16.99,0.16,9.3,12.41,2.14,0.16,0.13,Basalt,1,0,0
47.92,1.23,17.88,0.15,7.97,13.28,2.08,0.26,0.13,Basalt,1,0,0
47.95,1.22,17.85,0.15,7.96,13.16,1.85,0.17,0.12,Basalt,1,0,0
48.79,1.6,17.82,0.19,6.05,12.64,2.16,0.16,0.17,Basalt,1,0,0
48.26,1.23,18.24,0.14,7.7,13.11,1.97,0.2,0.13,Basalt,1,0,0
48.44,1.48,16.32,0.16,8.31,12.32,2.19,0.18,0.15,Basalt,1,0,0
48.6,1.41,18.12,0.15,6.66,13.18,1.98,0.19,0.14,Basalt,1,0,0
49.15,1.85,15.27,0.2,7.46,11.43,2.42,0.24,0.2,Basalt,1,0,0
48.6,1.5,16.85,0.17,7.16,12.74,2.15,0.21,0.15,Basalt,1,0,0
48.77,1.45,17.01,0.18,6.71,13.2,2.03,0.2,0.14,Basalt,1,0,0
48.65,1.43,17.79,0.17,6.61,12.86,2.1,0.25,0.13,Basalt,1,0,0
48.7,1.29,16.95,0.16,7.99,12.64,2.05,0.18,0.12,Basalt,1,0,0
48.77,1.58,16.98,0.2,6.44,13.07,2.19,0.23,0.16,Basalt,1,0,0
48.2,1.38,16.64,0.16,8.79,12.48,1.99,0.17,0.13,Basalt,1,0,0
48.61,1.37,18.32,0.15,6.56,13,2.06,0.21,0.13,Basalt,1,0,0
49.24,1.6,16.14,0.19,7.13,11.69,2.31,0.35,0.17,Basalt,1,0,0
48.12,1.22,18.5,0.15,7.61,12.84,2.07,0.28,0.12,Basalt,1,0,0
48.75,1.52,16.79,0.18,7.03,12.19,2.55,0.33,0.16,Basalt,1,0,0
48.86,1.52,17.3,0.17,6.45,13.03,2.19,0.23,0.16,Basalt,1,0,0
49.04,1.63,17.88,0.17,5.44,12.98,2.32,0.26,0.16,Basalt,1,0,0
49.46,1.83,16.72,0.18,5.99,12,2.68,0.37,0.23,Basalt,1,0,0
49.45,1.8,16.86,0.17,6.03,12.06,2.68,0.35,0.21,Basalt,1,0,0
49.58,1.84,16.66,0.17,5.97,11.96,2.66,0.36,0.21,Basalt,1,0,0
49.56,1.78,16.52,0.18,6.44,11.93,2.38,0.35,0.2,Basalt,1,0,0
50.49,1.46,19.93,0.14,4.11,11.77,3.11,0.23,0.23,Basalt,1,0,0
50.62,2.01,15.11,0.21,5.85,10.41,2.84,0.41,0.22,Basalt,1,0,0
51.2,1.01,17.1,0.14,6.36,10.96,3.27,0.51,0.13,Basalt,1,0,0
51.13,2.23,15.38,0.23,4.77,9.1,3.35,0.6,0.28,Basalt,1,0,0
51.73,2.19,15.26,0.23,4.71,8.96,3.33,0.57,0.28,Basalt,1,0,0
51.94,1.27,17.69,0.15,5.24,10.94,3.06,0.4,0.18,Basalt,1,0,0
51.89,2.23,15.13,0.22,4.7,8.99,3.21,0.56,0.27,Basalt,1,0,0
52.01,2.22,15.03,0.25,4.66,8.92,3.21,0.6,0.28,Basalt,1,0,0
51.94,1.11,17.62,0.15,5.94,11.14,2.9,0.46,0.17,Basalt,1,0,0
51.85,2.17,15.23,0.22,4.73,8.97,3.35,0.59,0.27,Basalt,1,0,0
51.96,1.01,16.85,0.16,6.29,11.5,2.88,0.38,0.16,Basalt,1,0,0
47.41,0.88,21.2,0.11,7.31,13.93,1.76,0.12,0.09,Basalt,1,0,0
47.6,1.23,18.16,0.15,8.06,12.93,1.95,0.22,0.13,Basalt,1,0,0
47.46,1.13,17.49,0.15,9.67,12.48,2.1,0.18,0.12,Basalt,1,0,0
47.68,0.94,21.99,0.11,5.54,14.28,2.01,0.18,0.1,Basalt,1,0,0
47.75,1.22,16.63,0.17,9.73,12.12,2.16,0.21,0.11,Basalt,1,0,0
47.51,1.21,17.13,0.16,9.41,12.64,2.03,0.22,0.13,Basalt,1,0,0
47.63,1.19,17.38,0.15,9.12,12.88,1.97,0.18,0.12,Basalt,1,0,0
47.84,1.46,16.49,0.17,8.82,12.4,2.14,0.2,0.14,Basalt,1,0,0
47.73,1.15,18.7,0.14,8.1,12.98,1.9,0.22,0.11,Basalt,1,0,0
47.6,3.07,14.34,0.25,5.2,11.09,2.72,0.45,0.35,Basalt,1,0,0
47.67,2.48,15.86,0.21,5.77,11.38,2.64,0.43,0.28,Basalt,1,0,0
48.38,1.38,17.02,0.17,8.11,11.66,2.32,0.23,0.14,Basalt,1,0,0
48.17,1.43,17.67,0.16,7.04,13.04,2.2,0.25,0.14,Basalt,1,0,0
47.8,2.75,14.98,0.23,5.77,10.7,2.74,0.4,0.31,Basalt,1,0,0
47.81,1.11,18.31,0.15,8.47,13.02,1.83,0.24,0.11,Basalt,1,0,0
48.11,1.37,16.45,0.17,8.96,12.26,2.17,0.17,0.14,Basalt,1,0,0
48.07,1.22,16.7,0.16,9.43,12.22,2.19,0.17,0.12,Basalt,1,0,0
47.93,2.52,15.6,0.22,5.69,11.15,2.69,0.41,0.29,Basalt,1,0,0
48.11,2.53,15.77,0.2,5.52,11.29,2.69,0.41,0.28,Basalt,1,0,0
48.39,1.37,18.48,0.15,6.37,13.17,2.33,0.22,0.14,Basalt,1,0,0
47.52,2.5,15.64,0.22,5.83,10.63,2.68,0.52,0.29,Basalt,1,0,0
48.88,1.55,16.7,0.18,7.6,11.55,2.39,0.25,0.14,Basalt,1,0,0
48.36,1.39,16.43,0.16,8.26,12.85,2.2,0.1,0.14,Basalt,1,0,0
48.79,1.78,15.41,0.2,6.72,12.74,2.43,0.3,0.17,Basalt,1,0,0
48.65,1.64,15.88,0.2,7.13,12.39,2.41,0.19,0.15,Basalt,1,0,0
48.1,2.46,15.66,0.21,5.78,11.22,2.68,0.42,0.28,Basalt,1,0,0
47.98,2.55,15.62,0.23,5.66,11.09,2.74,0.39,0.29,Basalt,1,0,0
50.03,1.59,19.54,0.2,4.62,11.78,2.67,0.3,0.27,Basalt,1,0,0
50.51,1.41,17.52,0.21,6.37,10.93,2.89,0.6,0.27,Basalt,1,0,0
50.69,1.97,16.72,0.2,5.68,10.53,2.83,0.62,0.35,Basalt,1,0,0
50.7,1.61,17.93,0.14,5.5,10.29,3.22,0.57,0.3,Basalt,1,0,0
51.69,2.18,16.13,0.18,4.77,9.59,3.54,0.64,0.35,Basalt,1,0,0
51.89,1.08,16.54,0.18,8.25,9.87,2.71,0.18,0.18,Basalt,1,0,0
51.32,2.5,15.23,0.21,4.62,8.86,3.72,0.58,0.6,Basalt,1,0,0
51.77,1.98,16.37,0.18,4.6,9.3,3.73,0.6,0.3,Basalt,1,0,0
51.87,1.23,17.12,0.14,7.42,9.51,3.12,0.47,0.24,Basalt,1,0,0
51.83,1.57,16.8,0.16,7,9.69,3.14,0.47,0.25,Basalt,1,0,0
52.02,1.37,15.44,0.16,8.21,9.95,2.78,0.5,0.23,Basalt,1,0,0
51.01,0.9,16.41,0.13,9.37,10.74,2.6,0.81,0.23,Basalt,1,0,0
51.35,1.84,16.57,0.18,5.79,10.19,2.98,0.6,0.4,Basalt,1,0,0
51.33,0.86,17.24,0.15,8.61,10.31,2.51,0.47,0.19,Basalt,1,0,0
48.97,2.53,16.78,0.26,5.96,10.16,2.82,0.17,0.42,Basalt,1,0,0
51.3,1.87,16.45,0.18,6.69,9.51,3,0.33,0.31,Basalt,1,0,0
51.31,1.96,16.67,0.19,6.24,9.84,3.01,0.48,0.4,Basalt,1,0,0
49.08,1.35,17.69,0.16,7.25,12.17,2.35,0.24,0.13,Basalt,1,0,0
47.13,1.12,14.17,0.16,12.53,11.91,1.74,0.98,0.59,Basalt,1,0,0
47.64,1.24,16.85,0.17,10.2,11.45,2.25,0.38,0.23,Basalt,1,0,0
47.66,1.1,13.99,0.17,13.06,11.81,1.71,1.03,0.57,Basalt,1,0,0
47.77,1.21,15.59,0.16,10.7,11.71,2.24,0.89,0.46,Basalt,1,0,0
47.95,1.08,14.15,0.17,12.07,11.86,2.17,1.08,0.59,Basalt,1,0,0
48.36,1.16,15.01,0.16,11.26,11.43,2.3,0.78,0.48,Basalt,1,0,0
48.39,1.16,14.72,0.17,11.61,11.4,2.02,0.91,0.52,Basalt,1,0,0
48.12,1.32,16.46,0.17,9.7,11.42,2.32,0.45,0.22,Basalt,1,0,0
48.68,1.29,15.96,0.16,10.4,10.83,2.34,0.48,0.32,Basalt,1,0,0
48.71,1.16,14.84,0.17,11.5,11.18,1.93,0.88,0.51,Basalt,1,0,0
49.88,1.32,16.28,0.16,8.86,10.65,2.57,0.42,0.27,Basalt,1,0,0
51.01,1.52,16.25,0.15,7.76,9.89,2.8,0.51,0.4,Basalt,1,0,0
51.64,1.81,18.4,0.15,4.08,9.98,3.37,0.58,0.24,Basalt,1,0,0
51.7,1.8,18.35,0.16,4.27,9.79,3.52,0.6,0.26,Basalt,1,0,0
50.59,1.13,18.69,0.19,5.94,10.84,2.54,0.31,0.19,Basalt,1,0,0
50.83,1.19,19.36,0.22,5.82,10.87,2.7,0.43,0.2,Basalt,1,0,0
51.08,1.24,21.04,0.22,4.63,9.91,3.12,0.92,0.24,Basalt,1,0,0
51.75,1.05,17.48,0.17,6.09,11.08,2.35,0.82,0.19,Basalt,1,0,0
50.33,0.94,19.1,0.18,6.46,11.09,2.48,0.5,0.12,Basalt,1,0,0
50.81,0.95,19.14,0.14,6.63,10.39,2.45,0.55,0.12,Basalt,1,0,0
51.96,1.59,19.25,0.17,3.73,9.94,3.21,0.23,0.21,Basalt,1,0,0
50.54,1.37,20.13,0.21,3.44,11.29,2.81,0.4,0.16,Basalt,1,0,0
51.26,1.81,16.47,0.16,6.64,9.89,2.73,0.19,0.19,Basalt,1,0,0
51.86,1.76,17.95,0.2,3.57,9.05,3.57,0.97,0.25,Basalt,1,0,0
50.27,1.3,21.13,0.16,3.74,11.44,2.94,0.27,0.15,Basalt,1,0,0
50.84,1.12,23.35,0.1,3.77,8.49,3.55,0.2,0.12,Basalt,1,0,0
51.82,1.34,20.22,0.17,2.37,10.82,3.14,0.41,0.14,Basalt,1,0,0
51.42,1.24,19.24,0.19,4.24,9.77,2.98,1.12,0.32,Basalt,1,0,0
51.19,1.3,18.8,0.22,5.43,10.29,3.2,0.24,0.26,Basalt,1,0,0
49.76,1.49,17.04,0.17,7.78,7.78,3.76,0.97,0.27,Basalt,1,0,0
50.71,0.99,17.51,0.18,9.04,9.04,2.75,0.05,0.11,Basalt,1,0,0
51.45,1.31,17.64,0.18,6.63,9.36,2.91,0.6,0.39,Basalt,1,0,0
51.97,1.33,17.02,0.17,6.4,9.07,3.06,0.62,0.32,Basalt,1,0,0
50.52,1.24,17.55,0.17,8.11,9.05,3.22,0.66,0.34,Basalt,1,0,0
53.41,1.11,17.97,0.12,5.16,11.15,2.79,0.59,0.29,Basalt,1,0,0
49.92,1.25,18.93,0.19,4.05,9.8,3.68,0.32,0.36,Basalt,1,0,0
51.32,2.47,16.75,0.19,4.18,9.47,2.98,0.72,0.67,Basalt,1,0,0
55,1.63,17.68,0.14,3.12,8.32,3.81,1.18,0.28,Basalt,1,0,0
52.06,1.83,17.95,0.24,6.81,7.09,3.39,0.91,0.38,Basalt,1,0,0
55.15,0.88,17.7,0.19,5.45,7.89,3.54,0.77,0.22,Basalt,1,0,0
53.76,1.59,18.08,0.16,3.58,8.88,3.82,0.56,0.23,Basalt,1,0,0
54.56,0.91,19.11,0.19,4.68,7.89,2.9,1.14,0.19,Basalt,1,0,0
52.68,1.86,16.96,0.19,4.03,8.25,3.76,0.99,0.29,Basalt,1,0,0
51.9,1.22,17.88,0.15,5.65,8.41,4.13,1.34,0.63,Basalt,1,0,0
51.48,1.11,17.39,0.16,7.4,10.66,2.86,0.28,0.14,Basalt,1,0,0
51.59,1.12,17.93,0.17,6.81,8.58,3.2,1.16,0.51,Basalt,1,0,0
51.8,1.13,18.55,0.1,5.65,8.83,3.82,0.46,0.47,Basalt,1,0,0
51.08,1.05,17.08,0.11,8.01,9.22,2.95,0.39,0.39,Basalt,1,0,0
50.78,0.88,17.53,0.11,8.2,9.9,2.97,0.28,0.27,Basalt,1,0,0
51.36,1.22,17.52,0.12,5.77,8.37,3.78,0.62,0.49,Basalt,1,0,0
50.89,1.02,17.87,0.11,6.5,10.47,3.12,0.28,0.26,Basalt,1,0,0
51.26,1.12,17.5,0.1,6.71,9.22,3.33,0.39,0.45,Basalt,1,0,0
48.98,1.23,16.83,0.19,7.92,10.12,2.88,0.39,0.14,Basalt,1,0,0
51.39,2.85,13.27,0.23,2.83,7.9,2.95,1.3,1.13,Basalt,1,0,0
50.07,2.58,15.53,0.27,4.56,8.77,3.58,0.69,0.89,Basalt,1,0,0
50.76,2.53,14.95,0.26,4.71,8.83,3.57,0.45,0.88,Basalt,1,0,0
51.19,2.66,14.95,0.37,4.15,8.62,3.58,0.48,1.04,Basalt,1,0,0
51.2,2.66,14.88,0.28,4.09,8.59,3.59,0.55,1.03,Basalt,1,0,0
51.2,2.66,14.9,0.3,4.11,8.6,3.59,0.54,1.06,Basalt,1,0,0
50.47,2.05,14.98,0.19,5.01,9.48,3.21,0.75,0.27,Basalt,1,0,0
50.84,2.08,15.67,0.22,4.88,9.39,2.96,0.63,0.26,Basalt,1,0,0
49.49,1.21,15.88,0.19,10.27,10.14,2.29,0.19,0.15,Basalt,1,0,0
50.29,1.65,17.34,0.22,6.5,9.18,2.89,0.65,0.5,Basalt,1,0,0
50.72,1.33,16.97,0.2,7.07,10,2.51,0.51,0.3,Basalt,1,0,0
51.61,0.81,15.78,0.17,9.18,11.09,2.32,0.33,0.12,Basalt,1,0,0
51.29,1.86,16.76,0.21,5.37,9.65,3.47,0.59,0.38,Basalt,1,0,0
51.04,1.41,17.07,0.16,6.76,9.71,2.89,0.61,0.34,Basalt,1,0,0
53.11,1.09,18.2,0.14,4.92,9.99,3.12,1.54,0.43,Basalt,1,0,0
49.88,1.12,14.99,0.18,9.79,11.52,1.84,0.59,0.15,Basalt,1,0,0
48.58,2.43,17.13,0.21,6.46,8.73,3.3,0.63,0.7,Basalt,1,0,0
48.58,1.49,17.23,0.2,8.03,9.91,2.47,0.39,0.48,Basalt,1,0,0
48.33,1.36,17.86,0.18,7.99,9.37,2.32,0.38,0.32,Basalt,1,0,0
50.94,1.33,16.12,0.15,8.26,8.22,3.36,1.24,0.38,Basalt,1,0,0
51.87,1.31,16.93,0.18,6.72,8.39,3.34,1.67,0.67,Basalt,1,0,0
54.43,1.36,16.58,0.16,5.37,8.62,3.48,1.05,0.55,Basalt,1,0,0
53.75,1.09,17.58,0.18,5.26,8.41,3.57,1.01,0.64,Basalt,1,0,0
54,1.04,16.61,0.16,6.63,8.73,3.3,0.68,0.33,Basalt,1,0,0
53.18,1.04,17.88,0.16,5.36,9.06,3.7,0.74,0.39,Basalt,1,0,0
52.52,1.45,17.44,0.17,6.24,8.65,3.56,0.67,0.34,Basalt,1,0,0
55.7,1.15,17.32,0.15,4.54,8.73,3.48,1.26,0.32,Basalt,1,0,0
54.32,1.03,17.95,0.16,5.43,8.68,3.31,0.85,0.38,Basalt,1,0,0
54.4,0.92,17.8,0.16,5.3,8.66,3.6,0.84,0.39,Basalt,1,0,0
53.61,0.77,17.41,0.17,6.09,8.53,3.68,0.61,0.36,Basalt,1,0,0
51.9,1.33,18.42,0.18,6.34,8.61,3.29,0.57,0.41,Basalt,1,0,0
55.46,1.15,17.5,0.15,4.93,8.49,3.36,1.05,0.27,Basalt,1,0,0
54.69,1.14,17.78,0.15,4.88,8.88,3.47,1.09,0.31,Basalt,1,0,0
55.61,1.06,17.49,0.13,4.94,7.86,3.32,1.11,0.3,Basalt,1,0,0
55.74,1.08,17.21,0.16,4.51,8.23,3.58,1.29,0.56,Basalt,1,0,0
51.58,1.27,17.62,0.16,6.97,9.58,3.25,0.6,0.28,Basalt,1,0,0
51.26,1.66,18.05,0.17,5.47,9.55,3.62,0.46,0.35,Basalt,1,0,0
51.26,1.28,17.49,0.17,7.03,8.88,3.52,0.67,0.36,Basalt,1,0,0
51.56,1.23,17.31,0.17,6.69,9.15,3.45,0.77,0.29,Basalt,1,0,0
51.96,1.24,16.89,0.16,7.52,8.78,3.45,0.82,0.36,Basalt,1,0,0
51.89,1.38,17.44,0.18,7.06,8.45,3.4,0.66,0.3,Basalt,1,0,0
51.35,1.33,17.46,0.17,7.12,9.7,3.19,0.64,0.38,Basalt,1,0,0
53.11,1.13,17.48,0.16,5.91,8.44,3.74,1.05,0.48,Basalt,1,0,0
49.19,1.9,15.94,0.17,7.58,9.5,3.17,1.27,0.56,Basalt,1,0,0
48.57,1.26,17.63,0.17,8.29,10.28,2.9,0.43,0.21,Basalt,1,0,0
50.04,1.73,17.07,0.17,6.89,9.64,3.52,0.73,0.4,Basalt,1,0,0
50.3,1.63,16.35,0.17,6.87,9.28,3.52,1.4,0.55,Basalt,1,0,0
51.11,1.73,16.2,0.19,5.95,8.33,3.69,1.15,0.62,Basalt,1,0,0
51,1.3,18.97,0.15,5.84,9.23,3.66,0.62,0.29,Basalt,1,0,0
51.31,1.22,17.65,0.14,6.65,8.92,3.41,1.05,0.51,Basalt,1,0,0
51.34,1.35,16.95,0.16,7.46,8.85,3.57,0.68,0.27,Basalt,1,0,0
51.25,1.12,17,0.13,6.78,9.41,3.45,2.38,0.58,Basalt,1,0,0
51.35,1.3,17.04,0.15,7.58,8.85,3.53,0.84,0.35,Basalt,1,0,0
51.73,1.11,18.25,0.15,6.78,9.62,3.33,0.34,0.19,Basalt,1,0,0
49.17,1.32,16.13,0.17,7.95,9.99,2.96,0.65,0.22,Basalt,1,0,0
49.9,1.64,16.77,0.18,6.71,9.33,3.23,0.91,0.44,Basalt,1,0,0
51.09,1.21,18.04,0.14,6.3,10.29,3.06,0.52,0.16,Basalt,1,0,0
51.2,1.32,17.21,0.15,7.64,8.75,3.47,0.5,0.16,Basalt,1,0,0
51.61,1.32,17.91,0.15,5.75,8.87,3.56,0.93,0.58,Basalt,1,0,0
51.68,1.03,17.32,0.13,8.31,8.69,3.18,0.63,0.16,Basalt,1,0,0
51.84,1.09,18.08,0.12,6.1,8.15,4.45,1.48,0.43,Basalt,1,0,0
50.91,1.43,17.7,0.23,6.2,9.2,3.96,0.72,0.32,Basalt,1,0,0
50.18,1.42,19.29,0.27,4.71,11.01,2.44,0.3,0.18,Basalt,1,0,0
51.63,1.69,19.19,0.27,3.67,10.15,3.02,0.52,0.3,Basalt,1,0,0
51.22,1.67,16.12,0.27,7.69,10.48,2.45,0.43,0.24,Basalt,1,0,0
51.76,1.47,19.08,0.28,3.6,10.38,2.91,0.34,0.21,Basalt,1,0,0
51.76,1.96,17.11,0.31,4.27,9.55,3.03,0.22,0.28,Basalt,1,0,0
50.96,1.36,20.48,0.25,3.68,11.33,2.45,0.37,0.21,Basalt,1,0,0
51.48,2.06,15.45,0.31,5.17,9.04,2.96,0.57,0.27,Basalt,1,0,0
51.25,1.69,19.19,0.27,3.63,10.6,2.99,0.21,0.28,Basalt,1,0,0
51.84,1.52,18.4,0.25,3.89,10.09,3.36,0.2,0.22,Basalt,1,0,0
51.44,2.64,14.61,0.48,4.04,8.59,3.72,0.45,1,Basalt,1,0,0
52.29,2.88,13.36,0.32,4.62,8.07,3.08,1.2,0.48,Basalt,1,0,0
50.31,1.34,17.98,0.29,5.69,10.74,2.29,0.23,0.14,Basalt,1,0,0
49.95,1.33,18.1,0.31,5.68,10.7,2.22,0.21,0.13,Basalt,1,0,0
51.38,1.27,18.6,0.28,4.75,10.54,2.77,0.5,0.22,Basalt,1,0,0
50.7,1.01,18.12,0.25,6.58,11.17,2.26,0.59,0.19,Basalt,1,0,0
51.94,1.53,18.32,0.26,4.32,9.61,3.13,0.22,0.21,Basalt,1,0,0
49.23,1.29,16.48,0.24,8.91,10.16,3.19,0.94,0.46,Basalt,1,0,0
52.46,1.21,17.54,0.23,6.58,8.65,3.61,0.68,0.45,Basalt,1,0,0
51.94,1.37,17.07,0.26,5.78,8.58,3.88,1.07,0.56,Basalt,1,0,0
51.52,1.1,18.01,0.28,6.56,11.06,2.24,0.48,0.18,Basalt,1,0,0
50.55,1.22,16.99,0.14,6.8,9.83,3.55,1.37,0.44,Basalt,1,0,0
50.81,0.79,16.13,0.16,8.85,11.6,2.51,0.03,0.09,Basalt,1,0,0
53.26,1.43,17.67,0.13,4.62,8.4,3.9,1.32,0.6,Basalt,1,0,0
52.29,1.14,17.79,0.15,6.84,8.91,3.39,0.78,0.53,Basalt,1,0,0
54.76,1.18,18.22,0.14,4.63,8.11,3.47,0.93,0.66,Basalt,1,0,0
55.11,1.19,18.14,0.22,4.32,7.58,3.72,1.19,0.66,Basalt,1,0,0
49.83,1.84,13.43,0.2,6.9,11.37,2.19,0.33,0.8,Basalt,1,0,0
52.11,1.08,17.39,0.17,5.92,10.44,2.75,0.3,0.14,Basalt,1,0,0
52.51,1.3,17.57,0.25,4.52,9.37,2.87,0.66,0.18,Basalt,1,0,0
51.09,1.53,17.91,0.18,4.51,8.39,3.8,1.47,0.78,Basalt,1,0,0
54.27,1.14,16.13,0.2,6.25,9.18,2.49,0.95,0.2,Basalt,1,0,0
53.98,0.97,17.99,0.17,5.45,9.95,2.59,0.87,0.16,Basalt,1,0,0
53.59,1.03,17.62,0.22,5.69,9.98,2.69,0.56,0.18,Basalt,1,0,0
52.56,0.54,13.4,0.19,11.96,10.51,1.6,0.19,0.06,Basalt,1,0,0
52.36,1,17.56,0.17,6.7,11.04,2.17,0.27,0.13,Basalt,1,0,0
57.48,1.37,17.48,0.16,2.35,7.71,2.94,1.11,0.24,Basalt,1,0,0
56.28,0.7,18.25,0.16,4.16,8.89,2.77,0.85,0.13,Basalt,1,0,0
54.56,0.81,20.05,0.13,3.46,9.98,2.74,0.91,0.15,Basalt,1,0,0
51.03,1.64,17.71,0.17,4.52,10.41,2.79,0.55,0.22,Basalt,1,0,0
52.58,1.09,17.49,0.18,5.61,10.06,2.73,0.58,0.19,Basalt,1,0,0
53.34,1.75,16.46,0.2,4.1,8.87,3.21,0.64,0.23,Basalt,1,0,0
50.57,1.11,21.01,0.2,4.01,11.2,2.72,0.08,0.16,Basalt,1,0,0
51.05,1.33,18.74,0.18,4.67,10.62,2.66,0.37,0.23,Basalt,1,0,0
51.41,1.39,18.16,0.18,4.87,10.77,2.61,0.13,0.19,Basalt,1,0,0
53.01,1.81,16.86,0.27,3.61,8.28,3.6,0.31,0.26,Basalt,1,0,0
51.48,1.48,19.69,0.26,3.25,9.93,3.35,0.27,0.21,Basalt,1,0,0
51.28,1.2,19.58,0.21,3.97,11.02,2.84,0.28,0.15,Basalt,1,0,0
51.75,1.42,19.16,0.37,4.14,10.58,2.69,0.34,0.16,Basalt,1,0,0
51.4,1.2,17.65,0.17,5.58,10.36,2.68,0.42,0.19,Basalt,1,0,0
50.9,0.98,18.37,0.15,5.37,10.4,2.63,0.46,0.18,Basalt,1,0,0
52.77,1.16,16.87,0.19,4.01,9.89,3.08,0.54,0.2,Basalt,1,0,0
50.63,1.08,19.69,0.17,3.79,10.6,2.79,0.36,0.27,Basalt,1,0,0
51.13,1.24,19.69,0.17,3.35,11.01,2.86,0.37,0.27,Basalt,1,0,0
53.59,1.57,15.88,0.19,3.53,8.44,3.36,0.45,0.36,Basalt,1,0,0
51.22,1.4,17.91,0.21,4.27,10.5,2.83,0.39,0.2,Basalt,1,0,0
53.18,2.02,15.9,0.19,3.94,8.13,4.03,1.55,0.43,Basalt,1,0,0
52.51,1.97,16.53,0.17,4.02,8.65,3.64,1.39,0.36,Basalt,1,0,0
51.04,1.74,20.34,0.21,2.95,10.49,3.41,1.11,0.32,Basalt,1,0,0
51.07,1.7,19.26,0.19,3.76,10.55,3.26,1.26,0.33,Basalt,1,0,0
50.74,1.56,19.64,0.15,4.11,10.96,3.07,0.67,0.3,Basalt,1,0,0
51.74,1.33,19.73,0.14,3.91,11.01,2.41,0.95,0.28,Basalt,1,0,0
50.94,1.23,19.58,0.13,4.28,11.56,2.7,0.69,0.25,Basalt,1,0,0
51.38,1.96,17.28,0.17,4.11,9.58,3.38,1.39,0.37,Basalt,1,0,0
51.81,2.18,15.85,0.26,4.13,8.54,3.69,1.27,0.42,Basalt,1,0,0
52.31,2.24,16.08,0.19,3.97,8.71,3.37,1.43,0.43,Basalt,1,0,0
52.6,1.87,16.29,0.25,4.5,9.07,3.29,1.14,0.36,Basalt,1,0,0
53.17,1.5,19.31,0.15,3.37,9.7,3.41,0.89,0.26,Basalt,1,0,0
52.57,1.42,19.4,0.15,3.69,9.58,3.36,0.63,0.34,Basalt,1,0,0
53.01,1.61,18.86,0.19,3.47,9.12,3.55,1.26,0.37,Basalt,1,0,0
51.93,2.2,15.87,0.22,4.18,8.23,3.84,1.63,0.42,Basalt,1,0,0
52.6,2.25,16.09,0.38,3.85,8.23,3.75,1.27,0.44,Basalt,1,0,0
50.84,1.53,19.21,0.16,3.71,10.09,3.16,1.39,0.34,Basalt,1,0,0
51.61,2.11,16.86,0.17,4.17,9.05,3.25,1.73,0.41,Basalt,1,0,0
52.3,1.75,18.73,0.17,3.62,9.54,3.22,1.34,0.3,Basalt,1,0,0
51.61,1.72,18.8,0.18,3.6,9.73,3.14,1.62,0.28,Basalt,1,0,0
51.84,0.93,19.04,0.16,5.62,10.18,2.52,0.29,0.12,Basalt,1,0,0
51.59,0.92,18.98,0.17,5.75,10.39,2.76,0.38,0.12,Basalt,1,0,0
50.74,1.78,16.84,0.16,5.43,9.17,3.19,0.85,0.54,Basalt,1,0,0
51.41,1.36,17.17,0.16,6.85,9.24,3.01,0.71,0.37,Basalt,1,0,0
49.7,1.19,17.38,0.17,6.7,11.38,2.72,0.47,0.22,Basalt,1,0,0
51.64,1.04,17.69,0.16,6.69,9.85,2.74,0.87,0.25,Basalt,1,0,0
52.38,0.8,18.99,0.16,4.43,11.58,2.38,0.39,0.19,Basalt,1,0,0
49.21,0.71,18.74,0.14,9.53,11.24,2.13,0.21,0.08,Basalt,1,0,0
51.02,1.01,17.68,0.15,7.86,10.2,2.91,0.56,0.2,Basalt,1,0,0
52.77,1.34,17.6,0.16,4.86,7.61,4.15,1.35,0.74,Basalt,1,0,0
49.89,1.01,17.33,0.16,9.45,9.77,2.57,0.52,0.2,Basalt,1,0,0
53.11,1.05,16.84,0.14,6.84,8.79,3.41,1.45,0.52,Basalt,1,0,0
50.37,1.16,18.48,0.16,6.73,9.88,3.23,0.65,0.22,Basalt,1,0,0
51.36,1.27,17.19,0.17,7.31,10.3,2.92,0.58,0.25,Basalt,1,0,0
50.57,0.97,17.58,0.15,8.17,10.39,2.85,0.55,0.18,Basalt,1,0,0
49.9,1.5,19.54,0.19,5.14,7.83,3.81,0.7,0.82,Basalt,1,0,0
53.84,1.41,17.64,0.15,4.46,7.99,4.12,1.2,0.63,Basalt,1,0,0
52.98,1.18,20.06,0.14,3.57,9.59,3.68,0.77,0.27,Basalt,1,0,0
51.4,1.22,20.15,0.13,5.01,9.54,3.43,0.6,0.41,Basalt,1,0,0
52.77,1.07,18.33,0.15,5.75,8.47,3.56,0.87,0.46,Basalt,1,0,0
53.94,1.45,18.24,0.17,4.04,7.88,3.98,1.03,0.69,Basalt,1,0,0
51.21,2.39,14.51,0.21,4.01,8.45,3.56,1.12,0.39,Basalt,1,0,0
51.73,1.79,16.63,0.17,3.97,8.59,2.99,1.39,0.47,Basalt,1,0,0
50.7,1.31,18.72,0.23,4,9.66,3.37,0.79,0.21,Basalt,1,0,0
50.63,1.06,17.36,0.16,7.17,9.54,2.87,0.89,0.31,Basalt,1,0,0
51.56,1.11,16.49,0.14,3.54,17.04,2.32,0,0.2,Basalt,1,0,0
49.39,1.63,14.74,0.21,8.13,11.08,2.44,0.27,0.36,Basalt,1,0,0
48.17,3.39,17.47,0.25,5.29,9.42,3.28,0.72,0.69,Basalt,1,0,0
51.98,2.39,16.95,0.17,6.65,8.52,3.01,1.14,0.52,Basalt,1,0,0
51.78,1.61,16.12,0.14,7.66,9.77,2.82,0.3,0.28,Basalt,1,0,0
50.9,0.97,17.69,0.17,8.24,10.01,2.26,0.42,0.12,Basalt,1,0,0
50.27,1.02,17.76,0.16,8.88,10.12,2.53,0.36,0.15,Basalt,1,0,0
51.04,1.31,19.48,0.15,5.95,8.64,3.49,0.37,0.3,Basalt,1,0,0
51.6,1.47,18.31,0.16,6.33,8.07,3.48,0.5,0.34,Basalt,1,0,0
51.6,1.14,18.15,0.15,7.38,10.01,2.87,0.22,0.18,Basalt,1,0,0
50.82,1.72,18.52,0.17,5.02,8.96,3.77,0.95,0.38,Basalt,1,0,0
51.73,1.4,19.35,0.16,5.76,7.94,3.9,0.79,0.35,Basalt,1,0,0
50.15,1.34,19.05,0.18,6.17,9.11,3.34,0.57,0.56,Basalt,1,0,0
50.13,1.51,20.4,0.16,4.52,9.39,3.64,0.47,0.36,Basalt,1,0,0
50.48,1.61,20.34,0.15,4.01,9.55,3.64,0.58,0.36,Basalt,1,0,0
51.81,1.73,19.24,0.15,3.75,8.99,4.11,0.91,0.38,Basalt,1,0,0
51.57,1.73,19.4,0.15,3.74,9.03,4.17,0.93,0.38,Basalt,1,0,0
49.01,1.09,17.29,0.18,9.05,10.68,2.51,0.48,0.28,Basalt,1,0,0
49.9,1.05,17.35,0.17,8.37,10.92,2.44,0.45,0.33,Basalt,1,0,0
49.16,1.09,17.24,0.18,8.98,10.51,2.51,0.41,0.29,Basalt,1,0,0
50.29,1.39,18.95,0.17,6.47,8.84,3.26,0.48,0.38,Basalt,1,0,0
49.55,1.47,19,0.18,6.51,8.78,3.34,0.36,0.42,Basalt,1,0,0
50.37,1.52,16.99,0.18,7.37,9.1,3.17,0.6,0.36,Basalt,1,0,0
50.34,1.21,17.33,0.17,7.39,10.38,2.93,0.58,0.24,Basalt,1,0,0
51.98,1.27,17.77,0.22,5.97,9.09,3.45,0.88,0.47,Basalt,1,0,0
48.77,1.67,16.64,0.21,8.19,9.3,2.8,0.55,0.36,Basalt,1,0,0
49.41,1.4,17.11,0.18,8.64,9.84,2.99,0.3,0.28,Basalt,1,0,0
49.66,1.12,17.33,0.17,8.93,10.57,2.27,0.55,0.19,Basalt,1,0,0
51.92,1.55,18.52,0.18,5.07,8.7,3.43,0.69,0.49,Basalt,1,0,0
49.83,1.39,17.95,0.17,6.55,10.68,2.94,0.6,0.25,Basalt,1,0,0
50.35,1.03,17.36,0.16,8.96,10.06,2.87,0.5,0.22,Basalt,1,0,0
49.74,1.11,17.25,0.17,8.23,10.65,2.63,0.48,0.31,Basalt,1,0,0
51.42,1.31,16.49,0.15,8.5,8.93,3.15,0.54,0.23,Basalt,1,0,0
51.02,1.36,17.42,0.16,7.41,8.82,3.12,0.69,0.35,Basalt,1,0,0
50.89,1.37,17.41,0.16,7.42,8.85,3.13,0.68,0.35,Basalt,1,0,0
47.5,0.8,16.35,0.28,4.9,18.13,6.02,0,0.28,Basalt,1,0,0
51.13,1.52,20.1,0.17,4.26,9.62,3.57,0.15,0.23,Basalt,1,0,0
50,1.5,16.56,0.21,7.7,10.5,2.61,0.4,0.25,Basalt,1,0,0
49.79,1.87,16.5,0.17,5.26,12.19,2.69,0.18,0.2,Basalt,1,0,0
51.48,1.16,16.59,0.15,8.33,9.91,2.81,0.15,0.2,Basalt,1,0,0
50.77,1.68,17.01,0.21,5.37,9.63,2.77,0.71,0.18,Basalt,1,0,0
53.06,2.01,16.87,0.17,4.31,8.58,2.74,0.96,0.33,Basalt,1,0,0
51.87,1.54,20.46,0.11,3.73,10.13,2.73,0.57,0.28,Basalt,1,0,0
49.5,1.1,17.28,0.18,8.82,10.59,2.32,0.59,0.24,Basalt,1,0,0
51.48,1.97,17.52,0.19,4.17,7.49,4.26,1.01,0.49,Basalt,1,0,0
51.54,1.93,17.21,0.18,4.29,7.76,4.39,1.1,0.49,Basalt,1,0,0
47.95,3.05,13.82,0.22,7.02,12.64,1.49,0.85,0.85,Basalt,1,0,0
49.8,1.72,15.98,0.18,6.76,11.78,2.54,0.34,0.19,Basalt,1,0,0
48.44,1.89,16.36,0.18,7.22,11.88,2.43,0.24,0.22,Basalt,1,0,0
49.76,1.9,14.7,0.22,6.64,11.51,2.69,0.32,0.23,Basalt,1,0,0
48.27,2.43,15.75,0.21,5.73,11.05,2.77,0.42,0.3,Basalt,1,0,0
49.11,1.7,17.8,0.18,5.62,12.28,2.62,0.27,0.19,Basalt,1,0,0
47.63,0.7,13.55,0.17,16.68,10.15,1.41,0.16,0.08,Basalt,1,0,0
48.71,1.4,18,0.18,6.91,12.51,2.28,0.27,0.17,Basalt,1,0,0
48.56,2.74,15.37,0.22,5.32,10.45,2.92,0.46,0.34,Basalt,1,0,0
50.92,1.52,16.6,0.15,8.1,9.32,3.01,0.47,0.26,Basalt,1,0,0
45.43,1.57,14.97,0.19,9.94,13.01,3.3,0.76,0.7,Basalt,1,0,0
48.43,1.6,15.87,0.2,7.99,12.24,2.21,0.29,0.18,Basalt,1,0,0
50.5,1.53,16.53,0.15,8.29,9.57,2.95,0.44,0.25,Basalt,1,0,0
50.65,1.48,16.92,0.17,7.84,9.79,2.87,0.54,0.29,Basalt,1,0,0
48.91,2.52,14.78,0.18,8.39,10.13,2.64,0.75,0.33,Basalt,1,0,0
51.92,0.95,19.14,0.14,5.38,11.4,2.68,0.44,0.14,Basalt,1,0,0
49.61,2.63,14.35,0.25,5.08,9.37,3.19,0.59,0.35,Basalt,1,0,0
48.4,1.37,16.61,0.17,8.72,12,2.18,0.24,0.16,Basalt,1,0,0
48.37,1.38,16.5,0.17,8.61,12.19,2.34,0.24,0.15,Basalt,1,0,0
48.22,1.25,16.86,0.16,9.26,12.44,2.07,0.16,0.13,Basalt,1,0,0
47.86,2.85,14.77,0.24,5.54,10.29,2.89,0.46,0.35,Basalt,1,0,0
48.32,2.52,15.43,0.21,5.79,10.96,2.8,0.45,0.28,Basalt,1,0,0
51.16,1.71,16.74,0.15,7.67,8.31,3.36,0.98,0.4,Basalt,1,0,0
49.3,2.09,14.2,0.17,11.12,8.84,2.44,0.79,0.3,Basalt,1,0,0
52,1.64,16.31,0.15,6.26,10.3,2.91,0.82,0.34,Basalt,1,0,0
49.58,2.27,15.43,0.18,7.42,10.43,2.75,0.72,0.37,Basalt,1,0,0
50.27,2.25,15.86,0.17,6.58,10.37,2.75,0.76,0.36,Basalt,1,0,0
49.79,2.08,15.16,0.22,6.14,10.86,2.83,0.48,0.28,Basalt,1,0,0
49.81,1.79,16.84,0.18,5.9,11.84,2.63,0.4,0.22,Basalt,1,0,0
48.31,2.48,15.8,0.21,5.55,11.01,2.79,0.42,0.31,Basalt,1,0,0
48.38,2.54,15.41,0.22,5.72,10.92,2.8,0.46,0.32,Basalt,1,0,0
47.24,2.85,16.95,0.38,4.45,10.54,2.78,0.29,0.36,Basalt,1,0,0
49.87,2.64,14.32,0.26,4.79,9.5,3.18,0.52,0.36,Basalt,1,0,0
49.04,1.67,15.66,0.19,7.47,11.88,2.38,0.19,0.18,Basalt,1,0,0
45.66,1.6,14.87,0.17,9.81,13.09,3.09,0.96,0.84,Basalt,1,0,0
48.32,1.4,15.83,0.19,9.98,10.59,2.48,0.49,0.26,Basalt,1,0,0
51.82,1.48,17.03,0.14,7.11,9.08,3.35,0.61,0.3,Basalt,1,0,0
47.94,1.28,15.22,0.18,10.87,11.39,2.17,0.96,0.38,Basalt,1,0,0
48.24,1.34,15.91,0.17,10.06,10.78,2.51,0.56,0.26,Basalt,1,0,0
51.5,1.12,16.04,0.15,9.49,9.8,2.64,0.33,0.16,Basalt,1,0,0
51.7,1.28,16.96,0.15,7.54,9.98,2.88,0.46,0.22,Basalt,1,0,0
48.6,1.29,18.62,0.18,6.99,12.79,2.14,0.18,0.17,Basalt,1,0,0
48.53,2.45,15.5,0.21,5.7,10.91,2.81,0.46,0.32,Basalt,1,0,0
49.34,0.75,22.88,0.13,4.06,13.08,1.94,0.22,0.12,Basalt,1,0,0
51.92,1.39,16.49,0.14,8.36,8.8,3.02,0.69,0.32,Basalt,1,0,0
48.01,1.53,16.45,0.19,8.68,10.97,2.49,0.51,0.27,Basalt,1,0,0
48.45,2.44,15.68,0.21,5.79,10.82,2.75,0.43,0.31,Basalt,1,0,0
46.96,0.95,16.71,0.18,11.28,12.2,1.71,0.39,0.19,Basalt,1,0,0
48.25,2.77,15.71,0.24,5.2,10.85,2.71,0.26,0.35,Basalt,1,0,0
49.29,1.81,16.02,0.22,7.49,10.54,2.51,0.23,0.19,Basalt,1,0,0
51.09,2.05,16.11,0.26,4.51,9.34,3.08,0.4,0.32,Basalt,1,0,0
48.91,1.28,16.13,0.15,9.44,11.61,2.31,0.78,0.28,Basalt,1,0,0
49.02,1.67,16.82,0.18,6.68,12.1,2.29,0.28,0.17,Basalt,1,0,0
50.69,1.48,15.98,0.16,6.66,11.57,2.79,0.34,0.19,Basalt,1,0,0
48.03,1.44,17.91,0.18,6.93,12.94,2.19,0.18,0.14,Basalt,1,0,0
49.03,2.03,16.59,0.21,6.03,10.01,2.87,0.42,0.23,Basalt,1,0,0
48.63,1.53,17.76,0.18,6.48,12.91,2.08,0.26,0.15,Basalt,1,0,0
50.94,2.24,15.55,0.24,4.78,8.82,3.52,0.68,0.28,Basalt,1,0,0
49.89,1.16,15.43,0.15,11.42,9.56,2.23,0.34,0.19,Basalt,1,0,0
48.2,1.45,16.38,0.18,8.04,12.87,2.11,0.23,0.15,Basalt,1,0,0
47.16,1.36,15.89,0.16,11.17,11.89,2.05,0.1,0.15,Basalt,1,0,0
48.89,2.45,14.29,0.21,6.58,11.64,2.56,0.36,0.26,Basalt,1,0,0
51.74,2.19,15.28,0.23,4.73,8.84,3.31,0.58,0.27,Basalt,1,0,0
48.53,1.48,18.61,0.14,5.94,12.85,2.37,0.2,0.15,Basalt,1,0,0
48.13,2.39,15.91,0.22,5.74,11.14,2.74,0.41,0.28,Basalt,1,0,0
48.12,2.43,15.64,0.21,5.8,11.3,2.64,0.41,0.27,Basalt,1,0,0
48.03,1.32,16.89,0.16,9.12,12.21,2.1,0.2,0.16,Basalt,1,0,0
48.36,1.35,16.81,0.15,8.73,12.04,2.12,0.22,0.16,Basalt,1,0,0
48.54,1.25,17.79,0.16,7.66,12.44,2.24,0.31,0.14,Basalt,1,0,0
49.63,3.64,12.84,0.24,5.09,9.99,2.62,0.65,0.51,Basalt,1,0,0
47.89,2.87,14.77,0.25,5.64,10.36,2.79,0.23,0.35,Basalt,1,0,0
48.68,1.3,16.57,0.17,8.71,12.17,2.22,0.19,0.14,Basalt,1,0,0
51.36,0.69,14.49,0.13,12.89,9.39,1.7,0.36,0.1,Basalt,1,0,0
51.89,1.33,17.64,0.14,5.72,10.15,2.83,0.56,0.19,Basalt,1,0,0
51.85,1.35,21.21,0.12,3.24,10.65,3.07,0.56,0.16,Basalt,1,0,0
52.6,1.92,15.54,0.22,4.2,8.82,3.23,0.66,0.19,Basalt,1,0,0
50.49,1.45,17.67,0.19,6.11,9.74,2.99,0.44,0.33,Basalt,1,0,0
52.08,1,17.64,0.13,5.65,12.1,2.87,1.05,0.16,Basalt,1,0,0
56.71,0.95,17.31,0.14,4.49,5.44,5.1,2.9,0.33,Basalt,1,0,0
57.77,0.94,16.09,0.12,4.04,7.8,2.97,3.41,0.41,Basalt,1,0,0
52.51,0.66,13.84,0.19,11.53,9.75,1.68,0.61,0.13,Basalt,1,0,0
49.37,2.2,14.21,0.16,6.37,11.02,1.78,0.76,0.85,Basalt,1,0,0
51.5,1.4,18.41,0.18,3.47,10.24,3.11,0.3,0.3,Basalt,1,0,0
51.08,0.76,24.48,0.15,2.23,12.96,1.92,0.14,0.06,Basalt,1,0,0
51.75,1,19.67,0.15,4.41,11.68,2.56,0.27,0.1,Basalt,1,0,0
49.14,0.78,25.04,0.21,2.28,12.94,2.68,0.15,0.13,Basalt,1,0,0
51.92,1.6,18.38,0.15,4.85,8.73,3.76,0.87,0.37,Basalt,1,0,0
48.38,1.45,15.32,0.19,9.18,10.81,2.19,0.48,0.24,Basalt,1,0,0
52.21,2.16,14.72,0.19,5.06,10.19,2.45,0.25,0.25,Basalt,1,0,0
52.53,2.24,15.06,0.2,4.63,9.13,2.54,0.65,0.32,Basalt,1,0,0
52.66,1.46,18.47,0.15,5.01,9.26,2.62,0.85,0.22,Basalt,1,0,0
51.14,1.01,18.41,0.15,6.2,10.07,3.26,1.02,0.17,Basalt,1,0,0
50.92,1.46,16.54,0.15,7.74,9.14,3.19,0.81,0.26,Basalt,1,0,0
50.94,0.69,14.34,0.17,12.4,10.08,1.57,0.37,0.11,Basalt,1,0,0
49.6,1.52,14.74,0.22,10.47,8.08,3.27,0.22,0.32,Basalt,1,0,0
51.41,1.76,16.96,0.23,4.45,9.12,2.86,0.98,0.32,Basalt,1,0,0
48.76,0.9,22.79,0.17,3.64,10.4,3.24,1,0.12,Basalt,1,0,0
49.48,1.12,22.76,0.19,3.44,10.72,3,0.05,0.13,Basalt,1,0,0
50.54,1.22,19.58,0.2,4.08,9.83,2.93,0.05,0.14,Basalt,1,0,0
51.72,1.87,15.83,0.25,4.64,9.86,2.79,0.05,0.2,Basalt,1,0,0
51.4,1.49,17.69,0.22,6.72,10.38,2.96,0.02,0.22,Basalt,1,0,0
49.98,0.85,22.73,0.13,3.81,11.68,2.8,0.04,0.09,Basalt,1,0,0
51.55,1.55,18.19,0.17,5.14,8.84,3.56,0.89,0.22,Basalt,1,0,0
49.05,0.74,23.57,0.13,3.99,11.21,3.27,0.21,0.08,Basalt,1,0,0
49.75,0.98,22.26,0.17,4.3,10.05,3.12,0.26,0.12,Basalt,1,0,0
50.13,1.26,19.81,0.18,4.36,10.87,2.83,0.05,0.15,Basalt,1,0,0
49.81,1.48,15.36,0.32,6.84,12.48,2.51,0.47,0.28,Basalt,1,0,0
49.67,1.49,15.35,0.32,6.84,12.47,2.55,0.47,0.28,Basalt,1,0,0
51.1,1.42,18.29,0.33,5.18,10.26,3.44,0.43,0.3,Basalt,1,0,0
51.59,1.25,17.44,0.24,6.16,10.38,3.19,0.64,0.24,Basalt,1,0,0
50.13,1.18,20.47,0.18,4.75,9.97,3.1,0.46,0.17,Basalt,1,0,0
50.15,1.46,20.1,0.17,3.67,10.98,3.35,0.28,0.18,Basalt,1,0,0
51.43,0.96,18.11,0.11,7.79,10.41,2.51,0.31,0.14,Gabbro,0,1,0
51.44,1.23,18.34,0.16,5.94,9.94,2.97,0.43,0.18,Gabbro,0,1,0
50.11,1.45,17.25,0.19,7.54,10.64,2.38,0.38,0.18,Gabbro,0,1,0
53.05,1.43,18.02,0.16,4.58,9.06,3.36,0.46,0.23,Gabbro,0,1,0
53.64,1.1,19.49,0.14,3.82,9.84,3.21,0.52,0.17,Gabbro,0,1,0
50.88,1.18,16.42,0.15,9.55,9.08,2.67,0.36,0.25,Gabbro,0,1,0
52.25,1.09,17.42,0.14,7.61,9.44,2.79,0.54,0.18,Gabbro,0,1,0
51.07,1.13,18.55,0.16,5.82,11.01,2.57,0.42,0.13,Gabbro,0,1,0
51.07,1.13,18.55,0.16,5.82,11.01,2.57,0.42,0.13,Gabbro,0,1,0
51.88,0.98,18.3,0.16,5.61,10.21,2.91,0.48,0.17,Gabbro,0,1,0
52.57,1,17.83,0.16,6.14,10.25,2.66,0.56,0.18,Gabbro,0,1,0
49.24,1,21.06,0.17,4.69,11.97,2.44,0.29,0.15,Gabbro,0,1,0
50.15,1.14,20.63,0.18,4.14,11.77,2.33,0.35,0.12,Gabbro,0,1,0
49.61,0.91,20.93,0.17,5.1,10.99,2.54,0.38,0.12,Gabbro,0,1,0
50.24,1,19.28,0.19,4.76,10.28,3.54,0.47,0.11,Gabbro,0,1,0
53.84,1.36,19.29,0.15,3.02,8.05,4.35,0.78,0.24,Gabbro,0,1,0
52.33,1.14,19.22,0.16,3.84,10.18,3.07,0.68,0.18,Gabbro,0,1,0
51.55,1.35,16.27,0.12,7.02,10.43,1.62,1,0.5,Gabbro,0,1,0
52.17,2.48,15.63,0.21,3.44,9.49,2.33,1.19,0.4,Gabbro,0,1,0
52.32,0.94,20.1,0.09,4.69,9.45,2.65,0.79,0.12,Gabbro,0,1,0
50.01,0.76,20.59,0.15,5.8,11.04,2.41,0,0.11,Gabbro,0,1,0
52.09,1.02,21.01,0.16,4.56,10.84,0.55,0.42,0.15,Gabbro,0,1,0
53.5,1.57,17.21,0.14,5.02,9.38,2.96,0.75,0.34,Gabbro,0,1,0
52.05,1.53,19.37,0.14,3.75,10.22,3.31,0.63,0.25,Gabbro,0,1,0
52.58,1.1,18.99,0.14,5.27,10.89,2.98,0.84,0.21,Gabbro,0,1,0
52.84,1.32,18.32,0.18,4.35,7.86,4.72,1.72,0.38,Gabbro,0,1,0
51.73,1.22,19.77,0.21,3.52,10.4,2.76,0.45,0.32,Gabbro,0,1,0
52.08,1.33,20.53,0.13,3.54,10.8,3.18,0.5,0.21,Gabbro,0,1,0
55.3,1.29,18.02,0.15,4.44,8.19,3.6,0.9,0.24,Gabbro,0,1,0
66.45,0.69,15.58,0.09,1.82,4.18,4.17,2.61,0.11,Granite,0,0,1
69.05,0.61,15.14,0.06,1.72,3.43,3.94,2.83,0.12,Granite,0,0,1
70.24,0.54,14.99,0.05,1.33,2.85,3.67,3.06,0.1,Granite,0,0,1
70.12,0.46,14.49,0.06,1.51,2.41,4.12,4.12,0.11,Granite,0,0,1
70.18,0.5,14.22,0.08,1.51,2.53,3.93,3.83,0.08,Granite,0,0,1
71.56,0.54,14.45,0.04,1.11,2.12,3.44,4.04,0.1,Granite,0,0,1
71.69,0.48,13.91,0.08,0.94,2.25,3.13,4.43,0.08,Granite,0,0,1
72.32,0.42,14.5,0.07,0.84,1.22,3.96,4.16,0.08,Granite,0,0,1
72.71,0.39,14.26,0.05,0.8,1.93,3.26,4.07,0.08,Granite,0,0,1
72.99,0.39,13.83,0.03,0.67,2,3.2,4.42,0.06,Granite,0,0,1
75.22,0.31,13.45,0.04,0.47,1.53,3.06,4.38,0.06,Granite,0,0,1
75.89,0.33,13.22,0.04,0.21,0.29,3.84,4.24,0.05,Granite,0,0,1
70.4,0.55,14.16,0.08,0.61,2.36,4.31,2.88,0.1,Granite,0,0,1
70.09,0.6,14.45,0.07,1.22,2.59,4.04,3.54,0.1,Granite,0,0,1
71.76,0,13.59,0.03,0.53,1.52,4.76,4.1,0.03,Granite,0,0,1
76.01,0.16,12.83,0.02,0.14,1,3.69,4.88,0.03,Granite,0,0,1
76.98,0.13,12.74,0.02,0.42,0.61,2.97,5.05,0.02,Granite,0,0,1
77.24,0.11,12.84,0.01,0.1,0.71,3.05,5.21,0.01,Granite,0,0,1
77.51,0.1,12.99,0.01,0.29,0.47,2.89,5.27,0.01,Granite,0,0,1
77.64,0.07,12.29,0.01,0,0.57,3.06,5.57,0.01,Granite,0,0,1
77.96,0.09,12.62,0.02,0.03,0.86,3.51,4.37,0.01,Granite,0,0,1
77.99,0.08,12.62,0.01,0,0.55,3.38,4.89,0.01,Granite,0,0,1
78.14,0.06,12.6,0.01,0,0.36,3.27,5.1,0,Granite,0,0,1
70.01,0.42,15.45,0.04,0.72,3.03,4.65,2.47,0.11,Granite,0,0,1
70,0.32,15.12,0.04,0.5,3.42,4.43,2.72,0.08,Granite,0,0,1
70.36,0.32,14.85,0.05,1.11,2.57,4.7,3.05,0.08,Granite,0,0,1
70.43,0.42,15.51,0.04,0.63,2.72,4.18,2.51,0.11,Granite,0,0,1
70.61,0.4,15.72,0.04,0.74,2.97,4.42,2.35,0.1,Granite,0,0,1
70.62,0.37,15.1,0.07,1.03,2.61,4.41,2.5,0.09,Granite,0,0,1
70.63,0.39,14.76,0.06,0.57,2.21,4.7,3.49,0.1,Granite,0,0,1
70.71,0.41,14.87,0.06,0.6,2.74,4.22,2.92,0.1,Granite,0,0,1
71,0.34,15.03,0.04,0.45,2.61,4.41,3,0.08,Granite,0,0,1
71.27,0.32,14.59,0.06,0.58,2.28,4.12,3.19,0.08,Granite,0,0,1
71.35,0.3,15.09,0.05,0.44,2.49,4.65,3,0.07,Granite,0,0,1
71.35,0.36,15.25,0.04,0.59,2.79,4.05,2.72,0.09,Granite,0,0,1
71.36,0.28,15.09,0.05,0.97,2.01,3.9,3.75,0.06,Granite,0,0,1
71.42,0.38,14.95,0.03,0.74,3.1,3.95,2.64,0.09,Granite,0,0,1
71.47,0.31,14.86,0.04,0.83,1.84,4.15,3.23,0.07,Granite,0,0,1
71.63,0.33,15.08,0.04,0.44,2.58,4.44,2.66,0.08,Granite,0,0,1
71.65,0.32,14.99,0.04,0.46,2.76,3.95,2.98,0.08,Granite,0,0,1
71.66,0.31,14.97,0.05,0.4,1.98,4.4,3.52,0.07,Granite,0,0,1
71.66,0.38,15.41,0.05,0.39,2.05,4.25,2.71,0.09,Granite,0,0,1
71.72,0.31,14.74,0.04,0.88,1.82,4.28,3.12,0.07,Granite,0,0,1
71.74,0.29,15.33,0.03,0.45,2.9,4,3.36,0.06,Granite,0,0,1
71.91,0.29,14.77,0.04,0.39,2.35,4.43,3.03,0.07,Granite,0,0,1
71.99,0.28,14.84,0.04,0.45,2.27,4.52,3.02,0.06,Granite,0,0,1
72.07,0.3,14.65,0.04,0.39,2.14,4.22,3.34,0.08,Granite,0,0,1
72.09,0.3,14.41,0.05,0.38,2.25,4.34,3.19,0.07,Granite,0,0,1
72.16,0.29,14.86,0.04,0.38,1.51,4.75,3.04,0.07,Granite,0,0,1
72.21,0.31,14.68,0.04,0.37,2.03,4.27,3.15,0.07,Granite,0,0,1
72.21,0.28,14.8,0.03,0.38,2.54,4.06,2.94,0.07,Granite,0,0,1
72.31,0.3,14.37,0.05,0.36,2,4.3,3.24,0.07,Granite,0,0,1
72.29,0.34,15.02,0.03,0.48,2.21,4.04,2.87,0.09,Granite,0,0,1
72.35,0.34,15.14,0.04,0.45,1.94,4.73,2.26,0.08,Granite,0,0,1
72.42,0.3,14.5,0.05,0.35,2.26,4.4,2.94,0.07,Granite,0,0,1
72.67,0.24,14.69,0.03,0.61,2.11,3.98,3.24,0.05,Granite,0,0,1
72.79,0.26,14.51,0.02,0.87,2.32,4.37,3.25,0.06,Granite,0,0,1
72.93,0.19,15.02,0.03,0.74,1.81,4.03,3.37,0.05,Granite,0,0,1
73.15,0.24,14.34,0.04,0.3,2,4.26,3.39,0.05,Granite,0,0,1
73.22,0.22,14.83,0.02,0.27,2.37,3.89,3.47,0.05,Granite,0,0,1
73.3,0.24,14.12,0.04,0.38,1.83,4.04,3.75,0.05,Granite,0,0,1
73.35,0.23,14.43,0.04,0.18,1.8,4.26,3.79,0.05,Granite,0,0,1
73.38,0.25,14.28,0.03,0.74,1.97,3.65,3.62,0.05,Granite,0,0,1
73.45,0.21,14.32,0.03,0.79,1.83,3.76,3.66,0.05,Granite,0,0,1
73.56,0.26,14.47,0.02,0.45,2.17,4.05,3.26,0.06,Granite,0,0,1
73.59,0.22,14.29,0.04,0.76,1.9,3.85,3.52,0.04,Granite,0,0,1
73.72,0.25,13.85,0.04,0.38,1.78,3.9,3.98,0.06,Granite,0,0,1
73.75,0.18,14.71,0.02,0.14,2.23,4.25,3.25,0.04,Granite,0,0,1
73.77,0.23,13.97,0.03,0.5,1.95,3.82,3.64,0.05,Granite,0,0,1
73.84,0.25,13.81,0.03,0.17,1.95,3.86,3.88,0.07,Granite,0,0,1
73.85,0.2,14.08,0.04,0.58,1.68,3.69,4.03,0.04,Granite,0,0,1
73.94,0.21,14.09,0.03,0.83,1.64,3.56,4,0.04,Granite,0,0,1
73.96,0.23,13.83,0.04,0.49,1.77,3.89,3.81,0.06,Granite,0,0,1
73.99,0.29,13.96,0.02,0.6,2,3.84,3.43,0.05,Granite,0,0,1
73.73,0.29,13.81,0.03,0.33,1.66,3.92,3.09,0.05,Granite,0,0,1
74.05,0.21,14.28,0.02,0.73,2.06,3.48,3.46,0.05,Granite,0,0,1
74.12,0.25,14.69,0.02,0.27,2.18,4.1,3.25,0.05,Granite,0,0,1
74.14,0.28,13.44,0.04,0.68,1.47,3.3,4.57,0.06,Granite,0,0,1
74.15,0.21,13.54,0.04,0.36,1.78,3.52,4.28,0.04,Granite,0,0,1
74.18,0.22,13.94,0.02,0.24,1.74,3.71,3.92,0.05,Granite,0,0,1
74.26,0.24,13.69,0.02,0.27,2.11,3.84,3.54,0.05,Granite,0,0,1
74.28,0.25,14.02,0.03,0.27,2.05,3.96,3.52,0.05,Granite,0,0,1
74.01,0.18,14.16,0.04,0.84,1.69,3.94,2.92,0.04,Granite,0,0,1
74.45,0.22,14.09,0.02,0.2,2.04,3.75,3.62,0.05,Granite,0,0,1
74.5,0.21,14.19,0.02,0.27,2.1,3.54,3.91,0.04,Granite,0,0,1
74.6,0.18,14.28,0.03,0.74,1.71,3.57,3.69,0.04,Granite,0,0,1
74.64,0.2,14.2,0.02,0.13,2.29,3.94,3.15,0.04,Granite,0,0,1
74.66,0.29,13.37,0.03,0.35,1.97,3.89,3.27,0.07,Granite,0,0,1
74.78,0.24,14.05,0.03,0.3,1.35,3.49,3.84,0.06,Granite,0,0,1
75.05,0.18,13.95,0.02,0.3,1.83,3.63,3.99,0.04,Granite,0,0,1
74.33,0.21,13.65,0.03,0.79,1.6,3.63,3.95,0.04,Granite,0,0,1
75.14,0.2,13.49,0.03,0.21,1.22,3.64,4.32,0.04,Granite,0,0,1
75.15,0.19,13.29,0.04,0.21,1.52,3.98,4.03,0.04,Granite,0,0,1
75.21,0.15,13.55,0.03,0.9,1.33,3.31,4.17,0.03,Granite,0,0,1
75.27,0.18,13.88,0.02,0.17,1.66,3.73,3.41,0.04,Granite,0,0,1
75.32,0.19,13.05,0.03,0.25,1.21,3.52,4.7,0.03,Granite,0,0,1
75.33,0.22,13.11,0.02,0.59,1.19,2.74,5.18,0.04,Granite,0,0,1
75.03,0.29,13.23,0.03,0.32,1.48,3.57,4.22,0.05,Granite,0,0,1
75.44,0.21,13.85,0.05,0.16,2.02,4.34,2.9,0.03,Granite,0,0,1
75.94,0.12,13.59,0.02,0.2,1.54,3.38,4.1,0.02,Granite,0,0,1
76.18,0.16,13.22,0.02,0.16,1.41,3.51,4.55,0.03,Granite,0,0,1
76.23,0.13,13.06,0.02,0.36,1.02,3.27,4.78,0.03,Granite,0,0,1
76.26,0.15,13.05,0.02,0.07,1.23,3.43,4.54,0.03,Granite,0,0,1
76.3,0.15,13.03,0.02,0.08,1.05,3.54,4.6,0.02,Granite,0,0,1
75.36,0.2,13.8,0.01,0.1,1.65,3.59,4.21,0.04,Granite,0,0,1
75.42,0.17,13.47,0.02,0.12,1.52,3.73,3.95,0.03,Granite,0,0,1
76.78,0.13,12.7,0.01,0.12,0.95,3.21,4.94,0.03,Granite,0,0,1
77.1,0.17,13.2,0.03,0.7,1.23,3.17,3.3,0.03,Granite,0,0,1
77.2,0.1,12.96,0.02,0.48,0.59,2.84,4.93,0.02,Granite,0,0,1
77.28,0.14,12.86,0.01,0.16,1.61,3.35,3.88,0.03,Granite,0,0,1
76.36,0.16,13.68,0.01,0.01,1.37,3.42,4.57,0.01,Granite,0,0,1
76.43,0.12,12.96,0.02,0.04,1,3.42,4.89,0.02,Granite,0,0,1
73.79,0.38,13.67,0.06,0.38,1.76,4.4,3.35,0.05,Granite,0,0,1
73.9,0.37,13.52,0.02,0.51,1.31,4.16,3.89,0.04,Granite,0,0,1
72.43,0.49,14.38,0.03,0.62,1.35,4.05,3.91,0.07,Granite,0,0,1
55.09,0.86,18.22,0.16,4.35,7.92,3.94,2.13,0.17,Granite,0,0,1
68.95,0.47,15.08,0.05,1.23,3.06,4.04,3.76,0.11,Granite,0,0,1
66.5,0.7,15.51,0.07,2.04,3.54,3.99,3.34,0.14,Granite,0,0,1
67.93,0.63,14.9,0.07,1.86,3.24,4.04,3.54,0.12,Granite,0,0,1
66.57,0.75,15.13,0.08,2,3.76,3.92,3.59,0.13,Granite,0,0,1
67.5,0.51,16.08,0.03,1.53,3.55,4.1,2.72,0.1,Granite,0,0,1
66.63,0.63,15.35,0.1,1.87,3.76,4.09,2.92,0.15,Granite,0,0,1
66.58,0.49,15.89,0.06,1.67,4,4.27,2.97,0.12,Granite,0,0,1
67.07,0.7,15.72,0.06,1.62,3.6,3.92,3.34,0.13,Granite,0,0,1
67.83,0.68,14.91,0.05,1.97,5.51,4.88,0.7,0.15,Granite,0,0,1
66.32,0.72,15.65,0.07,2.12,5.28,3.94,2.67,0.15,Granite,0,0,1
66.35,0.71,16.45,0.08,1.68,3.26,3.91,2.9,0.19,Granite,0,0,1
67.98,0.64,15.27,0.03,0.44,3.61,4.28,3.47,0.13,Granite,0,0,1
69,0.51,15.39,0.03,1.77,2.86,3.97,3.21,0.12,Granite,0,0,1
62.59,1.03,16.36,0.07,2.53,5.3,4.19,2.39,0.27,Granite,0,0,1
66.04,0.7,15.3,0.09,1.86,4.07,4.35,3.76,0.13,Granite,0,0,1
68.11,0.64,14.02,0.07,1.88,3.6,4.15,3.45,0.15,Granite,0,0,1
68.04,0.47,15.79,0.1,1.34,3.38,3.97,2.98,0.1,Granite,0,0,1
68.18,0.57,14.81,0.07,1.84,3.39,4.05,3.39,0.18,Granite,0,0,1
68.15,0.5,15.26,0.06,1.93,3.41,3.87,3.35,0.11,Granite,0,0,1
66.89,0.74,15.14,0.04,1.92,4.8,3.93,3.04,0.14,Granite,0,0,1
66.66,0.66,15.03,0.09,1.97,3.67,4.18,3.51,0.13,Granite,0,0,1
69.42,0.62,15.02,0.03,1.83,3.04,3.96,3.14,0.13,Granite,0,0,1
66.76,0.6,15.48,0.05,1.94,3.7,4.24,3.12,0.14,Granite,0,0,1
69.21,0.53,15.22,0.03,1.46,3.15,3.75,3.37,0.1,Granite,0,0,1
67.42,0.49,15.7,0.06,1.36,3.6,4.34,3.36,0.12,Granite,0,0,1
67.13,0.54,15.81,0.09,1.44,3.58,4.14,3.34,0.11,Granite,0,0,1
70.79,0.48,14.02,0.04,1.26,2.58,3.76,4.1,0.08,Granite,0,0,1
68.75,0.56,14.62,0.05,1.56,3.56,4.22,3.38,0.12,Granite,0,0,1
65.71,0.75,15.95,0.03,1.83,4.16,4.06,2.54,0.17,Granite,0,0,1